year,incomePred
2018,39631.65611
2020,41288.58349
2025,45430.90194
